date,residual
2015-01-01,-0.21261757440417206
2015-01-02,-0.13967429794213437
2015-01-03,-0.017803203354743502
2015-01-04,0.01642264094243906
2015-01-05,-0.007945381430683796
2015-01-06,-0.05918845921775251
2015-01-07,-0.005131268600845118
2015-01-08,-0.04514963780161452
2015-01-09,-0.001891833475696103
2015-01-10,0.01951517914142542
2015-01-11,0.059926786607316984
2015-01-12,0.028036080572791278
2015-01-13,-0.038345257141001454
2015-01-14,-0.03847428734145275
2015-01-15,-0.02604446741094435
2015-01-16,-0.05854714909282954
2015-01-17,-0.05415625737678553
2015-01-18,-0.03099686139729485
2015-01-19,-0.015059007134084368
2015-01-20,0.003936038369761974
2015-01-21,0.0016897228190284608
2015-01-22,0.005269367290891225
2015-01-23,0.042606254885514616
2015-01-24,0.04487471223558437
2015-01-25,0.011192079969729818
2015-01-26,-0.013769476482677234
2015-01-27,-0.017306573044468365
2015-01-28,-0.040335708722317065
2015-01-29,-0.021645760588514307
2015-01-30,0.0009759675061129514
2015-01-31,0.026874858851327232
2015-02-01,0.023241623506329745
2015-02-02,0.05285645254875604
2015-02-03,0.0535050826242891
2015-02-04,0.05077877938887809
2015-02-05,0.06153097826198106
2015-02-06,0.02195665223690746
2015-02-07,-0.0005937615793882856
2015-02-08,0.015516074651916512
2015-02-09,-0.06871804579794727
2015-02-10,-0.059831723050175256
2015-02-11,-0.055584291761471505
2015-02-12,-0.0444490701893141
2015-02-13,-0.021867707080460264
2015-02-14,-0.013751013936687428
2015-02-15,-0.006595078014239419
2015-02-16,0.02775687265810589
2015-02-17,0.021151297456551532
2015-02-18,-0.042887472104734314
2015-02-19,-0.0549065927791208
2015-02-20,-0.037944626555233896
2015-02-21,-0.02048771670239624
2015-02-22,-0.01659634575539748
2015-02-23,0.00873710222904478
2015-02-24,-0.030786368422267785
2015-02-25,-0.0724931448327677
2015-02-26,-0.03305879508961773
2015-02-27,-0.003131906242183291
2015-02-28,-0.015555657088084374
2015-03-01,0.00982947646654253
2015-03-02,-0.03696206309406769
2015-03-03,-0.02684447350181074
2015-03-04,-0.008356533576099778
2015-03-05,-0.011349927504273438
2015-03-06,-0.029326796750511974
2015-03-07,-0.03345342708661114
2015-03-08,-0.10036350672031169
2015-03-09,-0.09066522351143824
2015-03-10,-0.07085757674167681
2015-03-11,-0.06929738280918407
2015-03-12,-0.038834525003887066
2015-03-13,-0.013828849085159689
2015-03-14,-0.005795114361298204
2015-03-15,-0.026937819688486186
2015-03-16,-0.10425800444372157
2015-03-17,-0.06753646477894648
2015-03-18,-0.07219864466431325
2015-03-19,-0.06309747582612246
2015-03-20,-0.012261771020353862
2015-03-21,0.03955040063935833
2015-03-22,0.09072765041507225
2015-03-23,0.029800956651797605
2015-03-24,-0.028562504101303787
2015-03-25,0.018606410950827268
2015-03-26,0.06301173500597734
2015-03-27,0.020738320435862434
2015-03-28,-0.01871191822937668
2015-03-29,0.014457979226541795
2015-03-30,0.0018600737790528399
2015-03-31,0.003787900690470636
2015-04-01,-0.02393938792956085
2015-04-02,-0.005879568430282589
2015-04-03,-0.0926665457728717
2015-04-04,-0.03359673199999058
2015-04-05,-0.03177530517154992
2015-04-06,-0.13390874444411516
2015-04-07,-0.06370347645945351
2015-04-08,-0.05269611968200749
2015-04-09,-0.050702124773563284
2015-04-10,-0.03952523731121005
2015-04-11,-0.04435247516145324
2015-04-12,-0.02280192399827108
2015-04-13,-0.016653030425247906
2015-04-14,0.03526199312604561
2015-04-15,0.014945195612288131
2015-04-16,0.001370176320596883
2015-04-17,0.03849565035284286
2015-04-18,0.007809920306826257
2015-04-19,-0.051888077097816065
2015-04-20,-0.053291430039543286
2015-04-21,-0.07576517893613044
2015-04-22,-0.07266730374865205
2015-04-23,-0.05367230370852205
2015-04-24,-0.022678242442434993
2015-04-25,-0.0444129189169189
2015-04-26,-0.06269502720973641
2015-04-27,-0.026882367358219028
2015-04-28,-0.0192284299805916
2015-04-29,0.002526529625981766
2015-04-30,0.002664543685432008
2015-05-01,-0.0697558297660077
2015-05-02,0.021985977862707173
2015-05-03,-0.0354063137580134
2015-05-04,0.04033692980506132
2015-05-05,0.010708351909629599
2015-05-06,-0.01656840735561893
2015-05-07,-0.013563186883951417
2015-05-08,0.0026485230594843756
2015-05-09,-0.004249868780462407
2015-05-10,0.042310052868787196
2015-05-11,0.0005173068527000169
2015-05-12,0.021612482702346725
2015-05-13,0.03919066814545147
2015-05-14,-0.041688595328039924
2015-05-15,0.044992914482527624
2015-05-16,0.07205270456100621
2015-05-17,0.12255098205705472
2015-05-18,0.06554103655400212
2015-05-19,0.08269230088059842
2015-05-20,0.06754937823121487
2015-05-21,0.03623401926098602
2015-05-22,0.01383954373912566
2015-05-23,-0.012726429099183534
2015-05-24,-0.029701412538674532
2015-05-25,0.031214880586725613
2015-05-26,0.05132104448940389
2015-05-27,0.06615010140282962
2015-05-28,0.07234321446201974
2015-05-29,0.06792933467394846
2015-05-30,0.10092345345623066
2015-05-31,0.08158591288051475
2015-06-01,0.09687591356166614
2015-06-02,0.10556888381299423
2015-06-03,0.09478229940435945
2015-06-04,0.07571320820397887
2015-06-05,0.03617038174669496
2015-06-06,-0.004586954822816125
2015-06-07,0.06736839974587738
2015-06-08,0.11838786563355086
2015-06-09,0.08771376432975408
2015-06-10,0.07543917075181028
2015-06-11,0.07899786772749273
2015-06-12,0.07089387292809768
2015-06-13,0.03758240209516295
2015-06-14,0.04696710911711399
2015-06-15,0.1095606131769884
2015-06-16,0.11434621881590523
2015-06-17,0.13996628386390952
2015-06-18,0.11874701605309212
2015-06-19,-0.036930445400185974
2015-06-20,-0.0031140361674175665
2015-06-21,0.030137339516647543
2015-06-22,0.10598123545471339
2015-06-23,0.11001609866009865
2015-06-24,0.10596835066905186
2015-06-25,0.11640411684475005
2015-06-26,0.12151200005616936
2015-06-27,0.08416258481549121
2015-06-28,0.05783701609635372
2015-06-29,0.10756762528309771
2015-06-30,0.08295348808051273
2015-07-01,0.07917106612147684
2015-07-02,0.0693386026070435
2015-07-03,0.045854889193350346
2015-07-04,0.01069782480992032
2015-07-05,0.02809384920582403
2015-07-06,0.015761487753522374
2015-07-07,0.032243074240373204
2015-07-08,0.03465103315758533
2015-07-09,0.01782148103348824
2015-07-10,0.05403333295208412
2015-07-11,0.0069024158088968335
2015-07-12,0.006598389287487905
2015-07-13,-0.027878564211340162
2015-07-14,-0.042882637001589785
2015-07-15,-0.036420857272796425
2015-07-16,-0.026170256701014694
2015-07-17,-0.039275623818690875
2015-07-18,-0.03334257462446466
2015-07-19,-0.016092182384875642
2015-07-20,-0.054767159558359424
2015-07-21,-0.06643510628657623
2015-07-22,-0.060760731814850644
2015-07-23,-0.051424042181777097
2015-07-24,-0.03302568822652141
2015-07-25,0.007666311833590456
2015-07-26,0.022110722688783113
2015-07-27,-0.011359137552028997
2015-07-28,-0.013813448396295058
2015-07-29,-0.014338461263665891
2015-07-30,-0.03200087713990385
2015-07-31,-0.012254425394074175
2015-08-01,-0.008594060962630934
2015-08-02,0.013139108008818567
2015-08-03,0.014217168081156473
2015-08-04,0.01213792540233527
2015-08-05,0.04137511735319066
2015-08-06,0.04302903712702033
2015-08-07,0.05266478749408954
2015-08-08,-0.006410815968640904
2015-08-09,0.00903174184153066
2015-08-10,0.06492103429122054
2015-08-11,0.06301500588811315
2015-08-12,0.08244403682123469
2015-08-13,0.05515651166738955
2015-08-14,0.05198246741574053
2015-08-15,0.019222763338824223
2015-08-16,0.013302231558720123
2015-08-17,0.035993654274610876
2015-08-18,0.00893411576481995
2015-08-19,0.039104210363507974
2015-08-20,0.04162347581965875
2015-08-21,0.03830469510344692
2015-08-22,0.01960598203234376
2015-08-23,0.0013581196244309979
2015-08-24,0.051234096951503716
2015-08-25,0.04289559216182148
2015-08-26,0.033447495698915475
2015-08-27,0.05074484434771165
2015-08-28,0.024661079337130687
2015-08-29,-0.014095256087104602
2015-08-30,0.013130191717406703
2015-08-31,0.05018741412542127
2015-09-01,0.06442827764553449
2015-09-02,0.05318901455663827
2015-09-03,0.02705826295576763
2015-09-04,0.028358605220997646
2015-09-05,0.014278011822570491
2015-09-06,0.02439671549891287
2015-09-07,0.05174293117971018
2015-09-08,0.05115694528060999
2015-09-09,0.06527489849092483
2015-09-10,0.04392682979516316
2015-09-11,0.014316231761201337
2015-09-12,-0.03225881769295036
2015-09-13,-0.02330452157870866
2015-09-14,-0.01959558094844205
2015-09-15,0.0028689816703639792
2015-09-16,0.0005738449227052911
2015-09-17,-0.02980007897964221
2015-09-18,-0.03761277797108953
2015-09-19,-0.06135467176225973
2015-09-20,-0.045042600017593415
2015-09-21,0.005484155349423148
2015-09-22,0.008662953376775917
2015-09-23,-0.013847343221101482
2015-09-24,-0.005372178171317188
2015-09-25,-0.027343743856974356
2015-09-26,-0.030369643443659555
2015-09-27,-0.006756283437431065
2015-09-28,0.0030577072331094968
2015-09-29,0.0006257509752298773
2015-09-30,-0.02609275522747545
2015-10-01,-0.039559810709228316
2015-10-02,-0.03041113766875192
2015-10-03,-0.028159067396876125
2015-10-04,-0.01939509094465386
2015-10-05,0.0045001882818507255
2015-10-06,0.02678494063798631
2015-10-07,0.044977788620418124
2015-10-08,0.027210636544758415
2015-10-09,0.024082587048022575
2015-10-10,0.0831610467466195
2015-10-11,0.05813214016557211
2015-10-12,0.0723285864672576
2015-10-13,0.03443309561573571
2015-10-14,0.0360477018449572
2015-10-15,0.06270557132622123
2015-10-16,0.0630858059120456
2015-10-17,0.07465065541023641
2015-10-18,0.02861870468332306
2015-10-19,0.026150888249688364
2015-10-20,0.00902207507724917
2015-10-21,-0.020836043765182666
2015-10-22,-0.0345185314207761
2015-10-23,-0.022034275877130582
2015-10-24,-0.051038939607673584
2015-10-25,-0.04641217684994814
2015-10-26,0.009311114171531187
2015-10-27,0.0031365634865245795
2015-10-28,0.02641476365456974
2015-10-29,0.029491825853515508
2015-10-30,-0.01653298469942399
2015-10-31,-0.07006543463546677
2015-11-01,-0.07313722173843829
2015-11-02,-0.09462948569116136
2015-11-03,-0.06461490786949398
2015-11-04,-0.062370087882181124
2015-11-05,-0.03758069052380364
2015-11-06,-0.07187344246801786
2015-11-07,-0.09533731037052284
2015-11-08,-0.09449136735120511
2015-11-09,-0.061284168911960535
2015-11-10,-0.06568361547144441
2015-11-11,-0.06411440392022172
2015-11-12,-0.04930915023831339
2015-11-13,-0.04511870995099443
2015-11-14,-0.0510755992624734
2015-11-15,-0.035349735338423116
2015-11-16,-0.0281047927664293
2015-11-17,-0.041801957096826214
2015-11-18,-0.03906894748816647
2015-11-19,-0.03162900596457874
2015-11-20,0.05301301065753172
2015-11-21,0.08904742928417697
2015-11-22,0.11252366079886933
2015-11-23,0.11419056694104412
2015-11-24,0.034284971257902086
2015-11-25,-0.011952488756350022
2015-11-26,-0.0005444909501548523
2015-11-27,-0.05422872229773823
2015-11-28,-0.04634064108954661
2015-11-29,-0.01017920722457255
2015-11-30,0.008276148620728563
2015-12-01,0.030683199166983144
2015-12-02,0.024035512673972192
2015-12-03,-0.04136714315014878
2015-12-04,-0.038704758873556955
2015-12-05,-0.0857085419856567
2015-12-06,-0.09252911783342377
2015-12-07,-0.04198260117774666
2015-12-08,-0.030180595260524967
2015-12-09,-0.08688817881164468
2015-12-10,-0.07647951864388958
2015-12-11,-0.026577996554753014
2015-12-12,0.10465759730902136
2015-12-13,0.14699681508483664
2015-12-14,0.07237333656326683
2015-12-15,0.0724103096274451
2015-12-16,0.05099361750156817
2015-12-17,-0.01760057250585234
2015-12-18,-0.10362432874405414
2015-12-19,-0.1487707688325539
2015-12-20,-0.17145432406622696
2015-12-21,-0.14405127810356433
2015-12-22,-0.14043872223008336
2015-12-23,-0.2094217038676618
2015-12-24,-0.30612235783063113
2015-12-25,-0.2641045007161402
2015-12-26,-0.10394737087256978
2015-12-27,-0.02317552300724479
2015-12-28,-0.051758800228540736
2015-12-29,-0.037871139406158605
2015-12-30,-0.07582286127736282
2015-12-31,-0.13007147083742687
2016-01-01,-0.16015358510710342
2016-01-02,0.014943390151957558
2016-01-03,0.06731677036168016
2016-01-04,0.08900755232297541
2016-01-05,0.10097085340127698
2016-01-06,0.12213604781858756
2016-01-07,0.18487786056999056
2016-01-08,0.14247446046008783
2016-01-09,0.1550108281464695
2016-01-10,0.09877312984782627
2016-01-11,0.03641607213019782
2016-01-12,0.05533703169151494
2016-01-13,0.11646220037528998
2016-01-14,0.1908252194357125
2016-01-15,0.24243603724710638
2016-01-16,0.24907149151802344
2016-01-17,0.23587386552923917
2016-01-18,0.15265523037472306
2016-01-19,0.15243740542431716
2016-01-20,0.16768056522104935
2016-01-21,0.18299707300123202
2016-01-22,0.17298074199113422
2016-01-23,0.11447010484299369
2016-01-24,0.04322176743622208
2016-01-25,-0.00687173943951791
2016-01-26,-0.0669406278179725
2016-01-27,-0.07024740830984655
2016-01-28,-0.04927088683547787
2016-01-29,-0.039321981819721685
2016-01-30,-0.020515193763673167
2016-01-31,-0.005090034715514946
2016-02-01,0.023943703267232053
2016-02-02,-0.027585845045416946
2016-02-03,-0.022931577244994727
2016-02-04,0.015303294287196678
2016-02-05,0.03316683452096214
2016-02-06,-0.02665050764853305
2016-02-07,-0.09129077111667527
2016-02-08,-0.07422363180276825
2016-02-09,-0.07815123769977994
2016-02-10,-0.03642370502772074
2016-02-11,-0.022330614430710938
2016-02-12,0.029004331099118374
2016-02-13,0.04890925637260146
2016-02-14,0.0625853187012062
2016-02-15,0.0982729541789169
2016-02-16,0.07312780609764324
2016-02-17,0.034739782568562916
2016-02-18,0.04940105981871845
2016-02-19,0.02992353472511411
2016-02-20,0.04450039760206792
2016-02-21,-0.01161952550043388
2016-02-22,-0.02073880939420647
2016-02-23,0.0024943188890329537
2016-02-24,0.01247246529149848
2016-02-25,0.012922577155720205
2016-02-26,0.01713986496538844
2016-02-27,0.035468099254259755
2016-02-28,0.035217686053940156
2016-02-29,0.06135107518752747
2016-03-01,0.0640726709692494
2016-03-02,0.04850183784663109
2016-03-03,0.018574969901951732
2016-03-04,0.029961913374535243
2016-03-05,0.03660581352726133
2016-03-06,0.0692237212934721
2016-03-07,0.05002777601886521
2016-03-08,0.017613468421380674
2016-03-09,0.013910354285650683
2016-03-10,0.0263825892459284
2016-03-11,0.016586356576119954
2016-03-12,0.035597160008324025
2016-03-13,0.029274692790194123
2016-03-14,-0.022775449208541687
2016-03-15,-0.05330300494546769
2016-03-16,-0.0628990955798745
2016-03-17,-0.03966181047001527
2016-03-18,-0.007841628881397611
2016-03-19,-0.002795088340130647
2016-03-20,-0.02605958574112499
2016-03-21,-0.02927962130275219
2016-03-22,-0.004551329433713391
2016-03-23,-0.012079024622503098
2016-03-24,-0.021054581846858156
2016-03-25,-0.10669138519570787
2016-03-26,-0.10692114785484286
2016-03-27,-0.10308082207469305
2016-03-28,-0.20551791899312555
2016-03-29,-0.11262080570243427
2016-03-30,-0.08443261708850436
2016-03-31,-0.022275954821358468
2016-04-01,-0.008437903180853468
2016-04-02,-0.020834732426399327
2016-04-03,-0.07107121819064233
2016-04-04,-0.0509968899527653
2016-04-05,-0.048890753996406744
2016-04-06,-0.053314956256077295
2016-04-07,-0.03541070636577359
2016-04-08,-0.021763971793683723
2016-04-09,-0.02174758706083324
2016-04-10,-0.019478136543616742
2016-04-11,-0.026985289219942032
2016-04-12,-0.04216761458992124
2016-04-13,-0.042309470689202655
2016-04-14,-0.0069520886325413755
2016-04-15,-0.0268357410042821
2016-04-16,-0.017611381527354197
2016-04-17,-0.0019077914511438365
2016-04-18,-0.017501955662178048
2016-04-19,0.0021019700780513517
2016-04-20,0.0027818725034638447
2016-04-21,0.006527206035768174
2016-04-22,0.007390738739605496
2016-04-23,0.043748462087588535
2016-04-24,0.0754781938731881
2016-04-25,0.09951995809201897
2016-04-26,0.06903625346505748
2016-04-27,0.0834008399121835
2016-04-28,0.10753508625664132
2016-04-29,0.059033584940262784
2016-04-30,0.024813339772414622
2016-05-01,-0.029449507546861042
2016-05-02,-0.0038345734865519177
2016-05-03,-0.015410350205005585
2016-05-04,-0.0345756293384909
2016-05-05,-0.13439876481982616
2016-05-06,-0.0820307256991839
2016-05-07,-0.08258786569864185
2016-05-08,-0.1287867686731481
2016-05-09,-0.18255695772957026
2016-05-10,-0.14748002320392395
2016-05-11,-0.09746558944607919
2016-05-12,-0.0575350524347531
2016-05-13,-0.03329622320454817
2016-05-14,0.021481632861204858
2016-05-15,0.0238161368938421
2016-05-16,0.06655710047183128
2016-05-17,0.0067577150158601995
2016-05-18,-0.010865610537351245
2016-05-19,-0.007023086718794147
2016-05-20,-0.027463945920491284
2016-05-21,-0.05690117219911173
2016-05-22,-0.0513768591040904
2016-05-23,-0.03097144860446832
2016-05-24,-0.0559613382489168
2016-05-25,0.027347279530685498
2016-05-26,0.07043306165464536
2016-05-27,0.05890331710788743
2016-05-28,-0.0031312795244193836
2016-05-29,-0.0039281732801175195
2016-05-30,0.01662368450405083
2016-05-31,0.018606186681473957
2016-06-01,0.0037440275133100442
2016-06-02,-8.278880759782226e-05
2016-06-03,0.003883725067737487
2016-06-04,-0.045077438352342014
2016-06-05,-0.054267607756251834
2016-06-06,-0.12102007379612445
2016-06-07,0.02670536198333906
2016-06-08,0.023588582185226414
2016-06-09,0.06328051760432452
2016-06-10,0.060124866807518274
2016-06-11,0.04796753467499215
2016-06-12,0.02861837980112547
2016-06-13,0.04475941642114556
2016-06-14,0.043652732373612224
2016-06-15,0.04470473371976347
2016-06-16,0.05558475863811729
2016-06-17,0.049745241192285405
2016-06-18,0.027776479809539012
2016-06-19,0.015045864724186231
2016-06-20,0.04944242822563005
2016-06-21,0.049563036506775404
2016-06-22,0.0356452235381397
2016-06-23,0.014163939423717409
2016-06-24,-0.12933076327188076
2016-06-25,-0.11482528853915852
2016-06-26,-0.028597923348286258
2016-06-27,0.03531099854844477
2016-06-28,0.036900607464595225
2016-06-29,0.054239047092293546
2016-06-30,0.06776150546928683
2016-07-01,0.052990402360428845
2016-07-02,0.01702059427857172
2016-07-03,0.03600511026145803
2016-07-04,0.05225657522019134
2016-07-05,0.053009887932169875
2016-07-06,0.03194110116478477
2016-07-07,0.02961237599167177
2016-07-08,0.023659555602129956
2016-07-09,-0.012899498874791249
2016-07-10,-0.006456309003759486
2016-07-11,-0.015081321804943926
2016-07-12,-0.03211596118919324
2016-07-13,-0.02871425443925979
2016-07-14,-0.03122100307543363
2016-07-15,-0.046696758827765805
2016-07-16,-0.052473815319821426
2016-07-17,-0.044512175612828386
2016-07-18,-0.06670173279720792
2016-07-19,-0.08140334017483397
2016-07-20,-0.08620902100581596
2016-07-21,-0.09508122120443474
2016-07-22,-0.0787263279734347
2016-07-23,-0.01489767392038388
2016-07-24,-0.07669835663438995
2016-07-25,-0.09153256880968286
2016-07-26,-0.13903184023806503
2016-07-27,-0.1187430546118815
2016-07-28,-0.11121680510867371
2016-07-29,-0.07761205591726217
2016-07-30,-0.0834530893752774
2016-07-31,-0.09634451703362679
2016-08-01,-0.0978183693683814
2016-08-02,-0.10352654931153005
2016-08-03,-0.08827508762855807
2016-08-04,-0.07745413039966209
2016-08-05,-0.0785362819668034
2016-08-06,-0.07457359522976859
2016-08-07,-0.07631136688160645
2016-08-08,-0.046416619136824266
2016-08-09,-0.03390616169323479
2016-08-10,-0.01407601153886695
2016-08-11,0.011551011822035662
2016-08-12,0.01645977814338373
2016-08-13,0.006621041356334345
2016-08-14,-0.00525046203616597
2016-08-15,0.04205746216626416
2016-08-16,0.05531605996611155
2016-08-17,0.05142590574604711
2016-08-18,0.06835999273801363
2016-08-19,0.059902804450254976
2016-08-20,-0.002152213625782551
2016-08-21,0.01453187481838647
2016-08-22,0.03943044451898636
2016-08-23,0.02594832666159519
2016-08-24,0.02650322305947128
2016-08-25,0.035404452138596554
2016-08-26,0.006342142975913845
2016-08-27,-0.055209009797920316
2016-08-28,-0.015193239273649795
2016-08-29,0.00936309282723613
2016-08-30,0.011856033744178873
2016-08-31,0.013608577622154172
2016-09-01,-0.009481816448712266
2016-09-02,-0.02048678141047766
2016-09-03,-0.0559145713935969
2016-09-04,-0.07318558874208136
2016-09-05,0.005498350208101854
2016-09-06,-0.010681845799158651
2016-09-07,-0.017015396024113727
2016-09-08,-0.018576090987343363
2016-09-09,-0.00849308159313189
2016-09-10,-0.06763341521001998
2016-09-11,-0.06256346142709468
2016-09-12,-0.015913121967535915
2016-09-13,-0.03540725646069731
2016-09-14,-0.033526275973233766
2016-09-15,-0.03782391876551472
2016-09-16,-0.05083848938310531
2016-09-17,-0.054353721092342155
2016-09-18,-0.04614240301943795
2016-09-19,-0.0432933838548788
2016-09-20,-0.04854329059965323
2016-09-21,-0.04086142755887856
2016-09-22,-0.036629185135671705
2016-09-23,-0.05944176096532594
2016-09-24,-0.0919588343417832
2016-09-25,-0.12461201944435807
2016-09-26,-0.06725910669536006
2016-09-27,-0.07022737292694536
2016-09-28,-0.05480157138212327
2016-09-29,-0.05765784432369081
2016-09-30,-0.06146516081803277
2016-10-01,-0.07604617336672348
2016-10-02,-0.05590200492966524
2016-10-03,-0.018852066438446613
2016-10-04,0.0020389839951082678
2016-10-05,-0.012478474754198388
2016-10-06,-0.011086120283517076
2016-10-07,-0.0120197852239734
2016-10-08,0.002728989066907772
2016-10-09,0.0030947669713174975
2016-10-10,-0.01180699232544491
2016-10-11,-0.009416112184409187
2016-10-12,0.04217813249545621
2016-10-13,0.046737812070324125
2016-10-14,0.05299528860850522
2016-10-15,0.016337012965074393
2016-10-16,0.011940375548450177
2016-10-17,0.006021469394944745
2016-10-18,-0.003518771352599259
2016-10-19,-0.0351107815095979
2016-10-20,-0.020037316854077503
2016-10-21,-0.008922055745554047
2016-10-22,0.031063864922698414
2016-10-23,0.017497769020012655
2016-10-24,0.018560220661276716
2016-10-25,0.045436828074464586
2016-10-26,0.022869771706679032
2016-10-27,-0.04342591575891852
2016-10-28,-0.05831090708106679
2016-10-29,-0.02389102672751342
2016-10-30,-0.01942196470597679
2016-10-31,-0.008448313660130324
2016-11-01,-0.002302390239098173
2016-11-02,0.06369559332474317
2016-11-03,0.08007507004128556
2016-11-04,0.10364376812902343
2016-11-05,0.08111768606782199
2016-11-06,0.12369354013112677
2016-11-07,0.1607231483970537
2016-11-08,0.15038404597749633
2016-11-09,0.1463752694146816
2016-11-10,0.1250220449066486
2016-11-11,0.14551076991828715
2016-11-12,0.12789883725918472
2016-11-13,0.08628943939925904
2016-11-14,0.060075417793196806
2016-11-15,0.0163607956260563
2016-11-16,0.010210084623295757
2016-11-17,-0.004399911656689071
2016-11-18,-0.02857782778551865
2016-11-19,0.00426978398324529
2016-11-20,-0.00596345176757751
2016-11-21,-0.06385940393495027
2016-11-22,-0.09643432060225798
2016-11-23,-0.09984179621102207
2016-11-24,-0.013561619862352714
2016-11-25,0.01165257764678529
2016-11-26,-0.03952871531907398
2016-11-27,0.043236199662693764
2016-11-28,0.06875665861990754
2016-11-29,0.030208652282256665
2016-11-30,0.007829765741227845
2016-12-01,0.025570783908513306
2016-12-02,0.05081709355841468
2016-12-03,0.10831664420721232
2016-12-04,0.058241316938989485
2016-12-05,-0.02071145191406565
2016-12-06,0.06270264218089316
2016-12-07,0.02774605573110378
2016-12-08,-0.08287519670038712
2016-12-09,-0.06942707910626922
2016-12-10,-0.009036428693308451
2016-12-11,0.01886564399225321
2016-12-12,0.05768286219297636
2016-12-13,0.012925720641728589
2016-12-14,0.03970669304518992
2016-12-15,0.09988883291469008
2016-12-16,0.05825316618242482
2016-12-17,0.025458510511182197
2016-12-18,-0.0029419405619233174
2016-12-19,-0.06019392188022188
2016-12-20,-0.07433873926107104
2016-12-21,-0.05006834336573718
2016-12-22,-0.08015726644779697
2016-12-23,-0.09241774423447069
2016-12-24,-0.14107882214580236
2016-12-25,-0.15052741826571925
2016-12-26,-0.23869439908215817
2016-12-27,-0.09684215531425622
2016-12-28,-0.07105149681892797
2016-12-29,-0.14711163551280393
2016-12-30,-0.1672867285348847
2016-12-31,-0.2045433844373168
2017-01-01,-0.18283880301699718
2017-01-02,-0.03434542557101672
2017-01-03,0.003769730708530261
2017-01-04,0.03372895497793138
2017-01-05,0.15749763857396104
2017-01-06,0.11661041467739963
2017-01-07,0.09684943281683012
2017-01-08,0.07733501539951426
2017-01-09,-0.031616050323755474
2017-01-10,-0.017238862666125954
2017-01-11,-0.012219628040348596
2017-01-12,-0.01790654769339639
2017-01-13,0.005328599401442702
2017-01-14,0.03470027165985101
2017-01-15,0.07079254375221566
2017-01-16,0.06755920891325928
2017-01-17,0.05197679209220141
2017-01-18,-0.02029081811360811
2017-01-19,-0.06545798024142613
2017-01-20,-0.07841252762138318
2017-01-21,-0.028623483566279972
2017-01-22,-0.004347998346130311
2017-01-23,-0.040054743488393996
2017-01-24,-0.006332389872234501
2017-01-25,-0.03368680793838941
2017-01-26,-0.055380353184274256
2017-01-27,0.0015903638438494738
2017-01-28,0.028270279429248646
2017-01-29,0.02431496103785058
2017-01-30,-0.050491504586652525
2017-01-31,-0.027131199118237248
2017-02-01,-0.0042093200730306535
2017-02-02,-0.0005069095721044192
2017-02-03,0.008400471753700955
2017-02-04,0.016700897650610003
2017-02-05,0.030403320830522773
2017-02-06,0.03791241869438977
2017-02-07,0.0814492957033579
2017-02-08,0.08183706771567856
2017-02-09,0.07071125313628635
2017-02-10,0.06302834247687095
2017-02-11,0.07802887807263303
2017-02-12,0.1295636976977903
2017-02-13,0.06022119066056675
2017-02-14,-0.006446278452999721
2017-02-15,0.00667749132577633
2017-02-16,0.009848378126246615
2017-02-17,-0.022861280345228607
2017-02-18,0.005209842431586509
2017-02-19,-0.057142660798056966
2017-02-20,-0.06852639459772014
2017-02-21,-0.03731786167308293
2017-02-22,-0.020238112757995808
2017-02-23,0.0063238763495157
2017-02-24,0.041389082559417645
2017-02-25,0.047215400808998
2017-02-26,0.0038514917303871243
2017-02-27,-0.027358420831202324
2017-02-28,-0.05267703904731569
2017-03-01,-0.033490540624647736
2017-03-02,-0.020174356476344357
2017-03-03,-0.013969671733761402
2017-03-04,0.014917510209613738
2017-03-05,0.0704165756538302
2017-03-06,0.055377483364871694
2017-03-07,0.1017360639701117
2017-03-08,0.06153716744920423
2017-03-09,0.027468428095914987
2017-03-10,0.013117750457455557
2017-03-11,0.017883983543757864
2017-03-12,0.00450271171184724
2017-03-13,0.002223776713591974
2017-03-14,-0.026010093649713184
2017-03-15,-0.054110414799504625
2017-03-16,-0.04030919780270992
2017-03-17,-0.052281481199781155
2017-03-18,-0.003326059615883281
2017-03-19,0.041655452936563364
2017-03-20,0.018433556594676048
2017-03-21,-0.035517782094078854
2017-03-22,-0.012080058962808948
2017-03-23,-0.02116050499262556
2017-03-24,-0.012272788996998685
2017-03-25,-0.031722964863584835
2017-03-26,-0.09746140488472932
2017-03-27,-0.12026552716900696
2017-03-28,-0.10367127012828625
2017-03-29,-0.033073641567126444
2017-03-30,0.005587601888779048
2017-03-31,-0.01067806021565687
2017-04-01,-0.050692757723103554
2017-04-02,-0.0956137426510999
2017-04-03,-0.06023070392514107
2017-04-04,-0.06871866467601073
2017-04-05,-0.05800764964298821
2017-04-06,-0.029474197088960707
2017-04-07,-0.0709239862178439
2017-04-08,-0.05171055559760873
2017-04-09,-0.06964219121273452
2017-04-10,-0.041842546982724826
2017-04-11,-0.006992386897305636
2017-04-12,0.002098626541160442
2017-04-13,0.015885095551391615
2017-04-14,-0.01152718874039671
2017-04-15,0.05740993433491859
2017-04-16,0.056018511073373745
2017-04-17,-0.029883514915324483
2017-04-18,0.07333300721302827
2017-04-19,0.0319830185266472
2017-04-20,0.023690493227405796
2017-04-21,0.013897145140470357
2017-04-22,0.04528113691268665
2017-04-23,0.051134871509617597
2017-04-24,0.07036760945246279
2017-04-25,0.11249211199153208
2017-04-26,0.07312070556327122
2017-04-27,0.052010145178208234
2017-04-28,0.07065980012976958
2017-04-29,0.09402833886446693
2017-04-30,0.0403297656062751
2017-05-01,-0.11946180136525619
2017-05-02,-0.033178130436049
2017-05-03,-0.04602186283222487
2017-05-04,-0.02466653519931228
2017-05-05,-0.017450981884518768
2017-05-06,-0.07211520354313627
2017-05-07,-0.002795709456634654
2017-05-08,0.09038894930869645
2017-05-09,0.11190162425031502
2017-05-10,0.11693118956689474
2017-05-11,0.12197150858400008
2017-05-12,0.0726507867261752
2017-05-13,0.03305997089228718
2017-05-14,0.03379932262858887
2017-05-15,0.0757583138106721
2017-05-16,0.039347300942578656
2017-05-17,0.016118448162407262
2017-05-18,-0.047483617029723035
2017-05-19,-0.0462665152334516
2017-05-20,-0.06333680969424726
2017-05-21,-0.04473068418126047
2017-05-22,0.0002039284760311233
2017-05-23,0.0018361564770668082
2017-05-24,-0.03385117534450721
2017-05-25,-0.1496478660942948
2017-05-26,-0.08300918747667829
2017-05-27,-0.0547974137314462
2017-05-28,-0.049723759687296365
2017-05-29,-0.01945384387713034
2017-05-30,0.004188779721170377
2017-05-31,0.028442664524535033
2017-06-01,0.0247350698847999
2017-06-02,0.014888571740550915
2017-06-03,-0.006522073347881019
2017-06-04,-0.00462324737659614
2017-06-05,-0.03727961180010375
2017-06-06,-0.11766274395600362
2017-06-07,0.028299367892046234
2017-06-08,0.05378262879381879
2017-06-09,0.047563552239276774
2017-06-10,0.007359027812517738
2017-06-11,0.045276661671277196
2017-06-12,0.05956322156022509
2017-06-13,0.05579010313432775
2017-06-14,0.04279635455043618
2017-06-15,0.03069144168359017
2017-06-16,0.03206749045900281
2017-06-17,-0.00415689428010424
2017-06-18,0.008395307155449672
2017-06-19,0.054638948873002136
2017-06-20,0.035621795170836634
2017-06-21,0.059410481742888877
2017-06-22,0.033865040113408185
2017-06-23,-0.12523197444287248
2017-06-24,-0.06811324324712231
2017-06-25,-0.005480962139865042
2017-06-26,0.04051317809483912
2017-06-27,0.08081089248942064
2017-06-28,0.04938313749244472
2017-06-29,0.07880108589359303
2017-06-30,0.06513819398480791
2017-07-01,0.017071435641300425
2017-07-02,0.018636545508710967
2017-07-03,0.0576246166394796
2017-07-04,0.05107175800847763
2017-07-05,0.07270600649887982
2017-07-06,0.07007568259806796
2017-07-07,0.0558035964299588
2017-07-08,0.026612342448471438
2017-07-09,0.00451601370525978
2017-07-10,0.017716892617869462
2017-07-11,0.0023211383146364284
2017-07-12,-0.01782077115262304
2017-07-13,0.0017018791436385072
2017-07-14,0.0032378077444885633
2017-07-15,-0.013795553075169664
2017-07-16,-0.028594439302338515
2017-07-17,-0.07229127962665416
2017-07-18,-0.07667679985166842
2017-07-19,-0.0629905921212206
2017-07-20,-0.07028334069462616
2017-07-21,-0.04893466818091419
2017-07-22,-0.05126327465566405
2017-07-23,-0.06490577079602566
2017-07-24,-0.07402351232638082
2017-07-25,-0.08621748476955204
2017-07-26,-0.06798986527408779
2017-07-27,-0.08860494028722954
2017-07-28,-0.0607945170062294
2017-07-29,-0.04105117214239584
2017-07-30,-0.04117938585160097
2017-07-31,-0.07823219628046729
2017-08-01,-0.08792458408904658
2017-08-02,-0.07799222939106976
2017-08-03,-0.07119993138875458
2017-08-04,-0.059285898748481
2017-08-05,-0.029017796503286064
2017-08-06,-0.030965707199371195
2017-08-07,-0.023804077635231735
2017-08-08,-0.033242786425805804
2017-08-09,-0.0054515350799402285
2017-08-10,0.012431125595901094
2017-08-11,-0.016951804605655596
2017-08-12,-0.029621252960605915
2017-08-13,-0.030251608958035803
2017-08-14,0.034812248673624424
2017-08-15,0.031021985266344032
2017-08-16,0.05505563450884132
2017-08-17,0.038967203429093544
2017-08-18,0.05071071879733147
2017-08-19,-0.01789890655082793
2017-08-20,0.006847814970726063
2017-08-21,0.04485846648371883
2017-08-22,0.03384985406994723
2017-08-23,0.04011091446190562
2017-08-24,0.06316039305639265
2017-08-25,0.0778017490964178
2017-08-26,0.03642227324552216
2017-08-27,0.026102174242314646
2017-08-28,0.04917648171168132
2017-08-29,-0.0014592929391117337
2017-08-30,0.025609908224788924
2017-08-31,0.041086225005502186
2017-09-01,0.031820045573290656
2017-09-02,0.02315760223500085
2017-09-03,0.016611099241645277
2017-09-04,0.07507104678120591
2017-09-05,0.060538852494660844
2017-09-06,0.05026269335099265
2017-09-07,0.0651633164833143
2017-09-08,0.06664272532405668
2017-09-09,0.05285697826033697
2017-09-10,-0.02729892677310275
2017-09-11,0.005915774987590439
2017-09-12,0.01549726706884158
2017-09-13,0.023975439796458886
2017-09-14,0.034313505344208295
2017-09-15,0.003702244656793141
2017-09-16,-0.008359975099901717
2017-09-17,-0.016299010043756113
2017-09-18,0.030987297543576986
2017-09-19,0.031354721823076304
2017-09-20,0.04900381839297907
2017-09-21,0.046485241603466676
2017-09-22,0.029442356605049014
2017-09-23,0.013547180598250108
2017-09-24,-0.01324953629704595
2017-09-25,-0.01899205533184123
2017-09-26,-0.052893940726869815
2017-09-27,-0.06408337788203866
2017-09-28,-0.06870947836663532
2017-09-29,-0.030482631279763694
2017-09-30,-0.05529003717206571
2017-10-01,-0.048356065453187824
2017-10-02,-0.03414729503499281
2017-10-03,-0.07206748581432088
2017-10-04,-0.03696761868809162
2017-10-05,-0.006099364957735887
2017-10-06,-0.00629151426374186
2017-10-07,0.005639866145774164
2017-10-08,0.015257727474862648
2017-10-09,0.0032830599950184336
2017-10-10,0.016387822108457684
2017-10-11,-0.01266288428893425
2017-10-12,-0.031542700767657195
2017-10-13,-0.010312947296407415
2017-10-14,-0.08872129820801611
2017-10-15,-0.08577673232140626
2017-10-16,-0.10893371426850074
2017-10-17,-0.08900033319153877
2017-10-18,-0.05908747519717217
2017-10-19,-0.004775883783946
2017-10-20,0.021111478044620213
2017-10-21,-0.0013683816833243156
2017-10-22,0.0061021128575085015
2017-10-23,0.024243120842402988
2017-10-24,0.012524230990079488
2017-10-25,-0.018613173360209956
2017-10-26,-0.029610285794571922
2017-10-27,-0.012759179751899552
2017-10-28,-0.04315182587419919
2017-10-29,0.014385903724567939
2017-10-30,0.04665575722447812
2017-10-31,0.029787948528030128
2017-11-01,-0.042518079626930216
2017-11-02,-0.04814378321748691
2017-11-03,-0.01357477528777018
2017-11-04,-0.05642470674795952
2017-11-05,-0.05803583206390783
2017-11-06,-0.02776513075848186
2017-11-07,0.010268741957577987
2017-11-08,0.026038654272174
2017-11-09,-0.037137316094277395
2017-11-10,-0.0089349389258917
2017-11-11,-0.009944790765528566
2017-11-12,0.04607312866411917
2017-11-13,0.05856698202505761
2017-11-14,0.07278831754104509
2017-11-15,0.030515546095331914
2017-11-16,0.029870542970177993
2017-11-17,-0.012243561682652171
2017-11-18,-0.0063325260747575385
2017-11-19,0.06304191739197762
2017-11-20,0.08617086828148679
2017-11-21,0.09754031593491774
2017-11-22,0.07689448198219395
2017-11-23,-0.055452808317491886
2017-11-24,-0.030726481626100366
2017-11-25,0.026565658783720636
2017-11-26,0.008461345493032013
2017-11-27,-0.017951940430315005
2017-11-28,0.028424924744408386
2017-11-29,0.01618518421748405
2017-11-30,0.020962122676646544
2017-12-01,0.06146434995964434
2017-12-02,0.036937321865528006
2017-12-03,-0.019712990119487017
2017-12-04,0.05960964505713484
2017-12-05,0.030480602014543834
2017-12-06,0.011815053495579875
2017-12-07,-0.03496079226551885
2017-12-08,-0.02247337267147209
2017-12-09,-0.0011612083658434358
2017-12-10,0.0336098206468769
2017-12-11,0.034178178984832996
2017-12-12,0.04309279830432011
2017-12-13,0.03933010999032227
2017-12-14,0.01289663013862885
2017-12-15,0.026586278180333878
2017-12-16,0.04775015011999173
2017-12-17,0.10596106114195258
2017-12-18,0.04389920927033586
2017-12-19,0.013817935821370142
2017-12-20,-0.027029615649841077
2017-12-21,-0.009059424150278161
2017-12-22,0.005787704003701322
2017-12-23,-0.044439556297337646
2017-12-24,-0.11097792250761351
2017-12-25,-0.22816447884673963
2017-12-26,-0.20989234627775133
2017-12-27,-0.12136035752830665
2017-12-28,-0.13011632784250615
2017-12-29,-0.10661744204899293
2017-12-30,-0.02827882133730064
2017-12-31,-0.07954645696598384
2018-01-01,-0.2024328660792083
2018-01-02,-0.09453943689853972
2018-01-03,-0.07923454465923108
2018-01-04,-0.0502712327287842
2018-01-05,-0.02791116545481742
2018-01-06,0.04711736142195555
2018-01-07,0.05783578028770542
2018-01-08,0.0032509995377587586
2018-01-09,0.006228081520831097
2018-01-10,0.04171592709994165
2018-01-11,0.010925601656959216
2018-01-12,0.00963133599306687
2018-01-13,0.020627574690145423
2018-01-14,0.011350370250168496
2018-01-15,0.013975680015581915
2018-01-16,-0.004864827155994789
2018-01-17,-0.005416067609605335
2018-01-18,0.009172925960934109
2018-01-19,0.026952297714002427
2018-01-20,0.04930454647421634
2018-01-21,0.07546526143775623
2018-01-22,0.05640156188428058
2018-01-23,0.02666504945726267
2018-01-24,-0.08082543952852284
2018-01-25,-0.09938017935398946
2018-01-26,-0.08120219285532748
2018-01-27,-0.04276255961262265
2018-01-28,-0.03641028627140486
2018-01-29,-0.04542445811400064
2018-01-30,-0.024535353771723223
2018-01-31,-0.037076481329901156
2018-02-01,-0.04284970241751829
2018-02-02,0.04222366935280064
2018-02-03,0.08603327704307873
2018-02-04,0.10153428985108803
2018-02-05,0.1168230351248365
2018-02-06,0.1110768873533452
2018-02-07,0.08135220286749245
2018-02-08,0.02702949761225426
2018-02-09,0.031965449560274806
2018-02-10,0.07236693417502416
2018-02-11,0.05683740266501225
2018-02-12,0.013737835566544732
2018-02-13,-0.01567347768952665
2018-02-14,-0.010415691178637942
2018-02-15,0.011752929800552536
2018-02-16,0.02673327649082502
2018-02-17,0.02541630818325835
2018-02-18,0.02191165465931988
2018-02-19,0.029006430403267558
2018-02-20,0.06567461127647789
2018-02-21,0.08304918669272077
2018-02-22,0.09268045731832686
2018-02-23,0.0874436038016615
2018-02-24,0.13386712448620486
2018-02-25,0.1429664865558582
2018-02-26,0.14408252671971056
2018-02-27,0.20075764258145945
2018-02-28,0.22842666873943607
2018-03-01,0.1843609243891553
2018-03-02,0.17365543268200057
2018-03-03,0.17526487356994203
2018-03-04,0.14771978592966484
2018-03-05,0.10420662446564677
2018-03-06,0.07191199262813797
2018-03-07,0.056777469467780506
2018-03-08,0.07089096917878024
2018-03-09,0.06728427139853821
2018-03-10,0.100714443759653
2018-03-11,0.09522400657330365
2018-03-12,0.0423097998235491
2018-03-13,0.047426258387988085
2018-03-14,0.05458854397058843
2018-03-15,0.11334430057131151
2018-03-16,0.16375123400882252
2018-03-17,0.17975412243617583
2018-03-18,0.15273227089024743
2018-03-19,0.07737909019365752
2018-03-20,0.057213417292365065
2018-03-21,0.02939705467219511
2018-03-22,0.0332479339565559
2018-03-23,0.04192451397871544
2018-03-24,0.061779352395150866
2018-03-25,0.010453083960726417
2018-03-26,0.07903615894465155
2018-03-27,0.11459834060996776
2018-03-28,0.10365685003484693
2018-03-29,0.07353293665430627
2018-03-30,0.004742866107218191
2018-03-31,0.04696512011081566
2018-04-01,0.04987942827231784
2018-04-02,-0.04237484755192078
2018-04-03,0.05599782781207274
2018-04-04,0.020140073120979096
2018-04-05,0.0037472295657821064
2018-04-06,0.04011949534924675
2018-04-07,0.012122697770983848
2018-04-08,-0.03006563216016822
2018-04-09,-0.013902599843197194
2018-04-10,-0.010389344819728308
2018-04-11,0.008933750958682651
2018-04-12,-0.015418783094608202
2018-04-13,-0.04213022763873653
2018-04-14,-0.0599097445841128
2018-04-15,-0.02579093563002033
2018-04-16,-0.06413105099383465
2018-04-17,-0.03576430205973047
2018-04-18,-0.05672236820439025
2018-04-19,-0.07351374374496089
2018-04-20,-0.10952173897409878
2018-04-21,-0.1066517417052939
2018-04-22,-0.08161555914677798
2018-04-23,-0.017262131239069944
2018-04-24,-0.0003091124050911276
2018-04-25,-0.0049569200127397295
2018-04-26,-0.01260022963369778
2018-04-27,0.014463437989602923
2018-04-28,0.018882926233134256
2018-04-29,0.013181136707098418
2018-04-30,-0.03665693040940177
2018-05-01,-0.060922163460432444
2018-05-02,0.007045621791291978
2018-05-03,0.028794890078174262
2018-05-04,0.016772416429846615
2018-05-05,-0.04028813758630356
2018-05-06,-0.06350226110848034
2018-05-07,-0.0602141677180299
2018-05-08,-0.08420036962144373
2018-05-09,-0.0843196789627143
2018-05-10,-0.13477240875203655
2018-05-11,-0.08776829445443468
2018-05-12,-0.05528418584019157
2018-05-13,-0.07160297625627265
2018-05-14,-0.058589007236573565
2018-05-15,-0.049981747939657595
2018-05-16,-0.04826717715972073
2018-05-17,-0.03503297308330389
2018-05-18,-0.03442564638547019
2018-05-19,-0.08166931047645143
2018-05-20,-0.09454489681530731
2018-05-21,-0.03759035048801884
2018-05-22,-0.029700700982411732
2018-05-23,-0.02571043882845281
2018-05-24,-0.02042004630646943
2018-05-25,-0.016614750298897363
2018-05-26,-0.04100791132487913
2018-05-27,-0.0542414493644614
2018-05-28,-0.012965821670784194
2018-05-29,-0.024769271624833777
2018-05-30,-0.004860778598487769
2018-05-31,0.0033457733420689806
2018-06-01,0.0017084744978514976
2018-06-02,-0.040467455870505376
2018-06-03,-0.03841875368182279
2018-06-04,0.019865779819230767
2018-06-05,0.03260547282342152
2018-06-06,-0.06849618126214807
2018-06-07,-0.0016115749976659544
2018-06-08,0.019036046556244912
2018-06-09,0.00020322752120982557
2018-06-10,-0.008688141185032805
2018-06-11,0.03184569241072133
2018-06-12,0.029454266964277664
2018-06-13,0.042275273132419855
2018-06-14,0.008508871347171265
2018-06-15,0.024475753324228577
2018-06-16,0.01579046691220576
2018-06-17,0.03262311922280148
2018-06-18,0.054163174356675725
2018-06-19,0.04873663749324919
2018-06-20,0.0739314895386709
2018-06-21,0.04361334877559919
2018-06-22,-0.08554636757513201
2018-06-23,-0.04015445215881819
2018-06-24,-0.013688591121574945
2018-06-25,0.05274174838191037
2018-06-26,0.047444388213202515
2018-06-27,0.06220264743803838
2018-06-28,0.05828718107574993
2018-06-29,0.06576486849276186
2018-06-30,0.025678857467482885
2018-07-01,0.05026396618032969
2018-07-02,0.0623984215460851
2018-07-03,0.01959505991921695
2018-07-04,0.042340134451180234
2018-07-05,0.05126267789519545
2018-07-06,0.05325267682990997
2018-07-07,0.008114169061778753
2018-07-08,0.0004024211615298867
2018-07-09,-0.0010125651466701413
2018-07-10,0.00912390065269797
2018-07-11,0.007593512234731037
2018-07-12,-0.009561071102607954
2018-07-13,-0.002128060314920077
2018-07-14,-0.03304195927983322
2018-07-15,-0.032870050084612856
2018-07-16,-0.05398765984846676
2018-07-17,-0.05871483717433179
2018-07-18,-0.04963313219774079
2018-07-19,-0.05867388420479891
2018-07-20,-0.04147955409801618
2018-07-21,-0.046886929580301384
2018-07-22,-0.06294756729827533
2018-07-23,-0.06372476902632052
2018-07-24,-0.07366331389980196
2018-07-25,-0.07339635618511053
2018-07-26,-0.056492770799446035
2018-07-27,-0.03609112145740134
2018-07-28,-0.023202754707867257
2018-07-29,-0.05515799505386987
2018-07-30,-0.08858511296149452
2018-07-31,-0.07300491814025278
2018-08-01,-0.06354085044994306
2018-08-02,-0.061607147575958976
2018-08-03,-0.043156762949566385
2018-08-04,-0.06115090304921189
2018-08-05,-0.07752610938123006
2018-08-06,-0.03426815323671306
2018-08-07,-0.03085639352303815
2018-08-08,0.008517212643866401
2018-08-09,0.008326609459899714
2018-08-10,0.012555808079492081
2018-08-11,-0.014481949373985614
2018-08-12,0.0034315693941397996
2018-08-13,0.013557372388888211
2018-08-14,0.020755165497474692
2018-08-15,0.01364830552905083
2018-08-16,0.0242496049066645
2018-08-17,0.018677244493730427
2018-08-18,-5.0582204094595795e-05
2018-08-19,-0.00028649827436488806
2018-08-20,0.014728399206306975
2018-08-21,0.033737917280724616
2018-08-22,0.0392114842167679
2018-08-23,0.05981834855712442
2018-08-24,0.06055389529032773
2018-08-25,0.019584817115918085
2018-08-26,0.009488523785508463
2018-08-27,0.034613295356123785
2018-08-28,0.03500621359209788
2018-08-29,0.02515599095710641
2018-08-30,0.03787343488772876
2018-08-31,0.04666041259527631
2018-09-01,0.014073762216842312
2018-09-02,-0.01327308653411663
2018-09-03,0.019774608149013773
2018-09-04,0.019237367677297
2018-09-05,0.01706889948125223
2018-09-06,0.005819307236226479
2018-09-07,0.005002869937339227
2018-09-08,-0.03939103316259285
2018-09-09,-0.033165901434518474
2018-09-10,-0.024390322194726366
2018-09-11,-0.05027296799596037
2018-09-12,-0.026124101762926344
2018-09-13,-0.014576065679435146
2018-09-14,-0.016239162545652164
2018-09-15,-0.021717419075839572
2018-09-16,-0.019242518252035268
2018-09-17,-0.029882617220213348
2018-09-18,-0.05825229616122485
2018-09-19,-0.07506226630714252
2018-09-20,-0.049179389714947064
2018-09-21,-0.040445129424378834
2018-09-22,-0.02685943498833332
2018-09-23,-0.020888232941306484
2018-09-24,0.017845930539754917
2018-09-25,0.012545101592124297
2018-09-26,0.007262816430946728
2018-09-27,0.018962879804389488
2018-09-28,0.04097456980424319
2018-09-29,0.039149889331905996
2018-09-30,-0.016028165539886174
2018-10-01,0.02144576671192766
2018-10-02,0.05292840098611329
2018-10-03,0.04283814269351005
2018-10-04,0.07505059235409739
2018-10-05,-0.008927824501851589
2018-10-06,0.005197752930177657
2018-10-07,0.013957205074971668
2018-10-08,0.015895997494050462
2018-10-09,-0.03821404440502363
2018-10-10,-0.054488765564125075
2018-10-11,-0.05237066132370494
2018-10-12,-0.053233884269049625
2018-10-13,-0.09834919034049783
2018-10-14,-0.12160445954576637
2018-10-15,-0.11945561985928599
2018-10-16,-0.10188541878997626
2018-10-17,-0.1234193131012713
2018-10-18,-0.08819618956632702
2018-10-19,-0.01315577014921665
2018-10-20,-0.036943803258543184
2018-10-21,-0.07905863797079249
2018-10-22,-0.07292687586411972
2018-10-23,-0.029841126454172695
2018-10-24,0.005832241617163447
2018-10-25,-0.0016445252916366115
2018-10-26,0.07998072822922886
2018-10-27,0.11801398172611677
2018-10-28,0.11754797564212183
2018-10-29,0.10276394933192101
2018-10-30,0.0642536330149639
2018-10-31,-0.022255376989459563
2018-11-01,-0.028442672835129912
2018-11-02,-0.047231531224730006
2018-11-03,-0.05758830167075146
2018-11-04,-0.0218651737564155
2018-11-05,-0.020805632145169284
2018-11-06,-0.0639444332241812
2018-11-07,-0.06004773935593555
2018-11-08,-0.04728479780563788
2018-11-09,-0.05965408944052264
2018-11-10,-0.07194206491016253
2018-11-11,-0.07714293530888838
2018-11-12,-0.07332304054379435
2018-11-13,-0.0965358241472547
2018-11-14,-0.07738956230090643
2018-11-15,-0.07565819522634065
2018-11-16,-0.08248282380882976
2018-11-17,-0.05237947470078019
2018-11-18,-0.040030982427204265
2018-11-19,0.00888042055148297
2018-11-20,0.027690076320570967
2018-11-21,0.030311746248941063
2018-11-22,0.07487253928229798
2018-11-23,0.11874055477872858
2018-11-24,0.14167016832126933
2018-11-25,0.146102775060708
2018-11-26,0.12207514089223537
2018-11-27,0.166049780011992
2018-11-28,0.16904268546669066
2018-11-29,0.09290754048890726
2018-11-30,0.05747045665092898
2018-12-01,0.04008817514191598
2018-12-02,0.00790420641033407
2018-12-03,-0.052912915941197625
2018-12-04,-0.032216295276523255
2018-12-05,0.058117656572958865
2018-12-06,0.040225309773495255
2018-12-07,0.002759961676611411
2018-12-08,-0.019557401944174657
2018-12-09,-0.01826079350855281
2018-12-10,0.009286589869297757
2018-12-11,0.00043715212217243504
2018-12-12,0.031201945463372738
2018-12-13,0.05699088962588128
2018-12-14,0.08607493093824381
2018-12-15,0.10614298857257687
2018-12-16,0.07459448800859825
2018-12-17,0.05936540141912339
2018-12-18,0.05681557612891375
2018-12-19,0.019005078243004903
2018-12-20,0.02099777431370775
2018-12-21,0.04371591842502376
2018-12-22,0.08752274010130456
2018-12-23,0.1093028138610368
2018-12-24,-0.03739872062120675
2018-12-25,-0.18636644414085168
2018-12-26,-0.21387051332187745
2018-12-27,-0.14822386752590688
2018-12-28,-0.056430133185926934
2018-12-29,-0.022066407257083753
2018-12-30,-0.027404236806166438
2018-12-31,-0.13888119066233884
2019-01-01,-0.22125743783175622
2019-01-02,-0.022496166870590528
2019-01-03,-0.00021539363150857582
2019-01-04,-0.055110225679150915
2019-01-05,-0.02378302795896836
2019-01-06,-0.021623946303307662
2019-01-07,-0.0341853292695653
2019-01-08,-0.02376751096979035
2019-01-09,0.008588814012853163
2019-01-10,0.03575490342470289
2019-01-11,-0.0009428209098913953
2019-01-12,0.045894868474791295
2019-01-13,0.03103455742651562
2019-01-14,0.049317610642516385
2019-01-15,0.017469255895495195
2019-01-16,0.03298526722450035
2019-01-17,0.080798252276578
2019-01-18,0.12264503001652116
2019-01-19,0.10271959466219194
2019-01-20,0.1199652598869676
2019-01-21,0.10291599227312531
2019-01-22,0.044060794694027905
2019-01-23,0.05332796204110224
2019-01-24,0.10590189898042901
2019-01-25,0.08660375857432001
2019-01-26,0.10729971880739342
2019-01-27,0.13477141712939122
2019-01-28,0.0657947082938346
2019-01-29,0.07791851416973827
2019-01-30,0.13626982918893482
2019-01-31,0.10845090408445657
2019-02-01,0.06876861309961413
2019-02-02,0.07354671710358218
2019-02-03,0.13670083888569984
2019-02-04,0.09912552268062491
2019-02-05,0.03773893572755327
2019-02-06,0.08824154914078797
2019-02-07,0.004860460012290346
2019-02-08,-0.017088635807608554
2019-02-09,-0.0222081536185339
2019-02-10,-0.03643006027484219
2019-02-11,-0.017419806405074567
2019-02-12,0.0027673856286902776
2019-02-13,-0.07777171271185601
2019-02-14,-0.06087325035053759
2019-02-15,-0.06373364837063811
2019-02-16,-0.05892316807997666
2019-02-17,-0.03109132080344601
2019-02-18,-0.06651610568069621
2019-02-19,-0.08510300631927059
2019-02-20,-0.02703330759779199
2019-02-21,0.03367772801657587
2019-02-22,0.06651744164475915
2019-02-23,-0.0020276612511107572
2019-02-24,-0.0598993151322027
2019-02-25,-0.0887130361881674
2019-02-26,-0.11893013683027043
2019-02-27,-0.11459337895768584
2019-02-28,-0.07167282317896984
2019-03-01,0.016686500577444363
2019-03-02,-0.0016710983982139993
2019-03-03,-0.008703199204038725
2019-03-04,-0.004046873299509812
2019-03-05,0.06410589319859206
2019-03-06,0.07313409371404589
2019-03-07,-0.007508338302406159
2019-03-08,0.003112671324561944
2019-03-09,0.051620007371829146
2019-03-10,0.06979659209741129
2019-03-11,0.0727576431846817
2019-03-12,0.07324022933490859
2019-03-13,0.04178907000672538
2019-03-14,0.01676124365355136
2019-03-15,0.03151272507981062
2019-03-16,0.025713752432073633
2019-03-17,0.01811817364492896
2019-03-18,0.010193732616073703
2019-03-19,0.004587743613395645
2019-03-20,-0.00505983941096666
2019-03-21,-0.048741734294459604
2019-03-22,-0.03750436373937838
2019-03-23,-0.07827640700744709
2019-03-24,-0.03992036561660228
2019-03-25,-0.036994635133606124
2019-03-26,-0.01676630548882052
2019-03-27,-0.04975992738548385
2019-03-28,-0.09083229100672874
2019-03-29,-0.11747866495942105
2019-03-30,-0.08468241830037293
2019-03-31,-0.04527333799034139
2019-04-01,-0.0078616276126251
2019-04-02,-0.024431828294567026
2019-04-03,-0.0381082422574508
2019-04-04,-0.07806296687292757
2019-04-05,-0.0558977770023521
2019-04-06,-0.07426256983274371
2019-04-07,-0.06151448322953712
2019-04-08,0.022294115962809613
2019-04-09,0.07221794328240883
2019-04-10,0.10759785752047257
2019-04-11,0.09635678094566558
2019-04-12,0.0836122558198209
2019-04-13,0.06093417733289641
2019-04-14,0.05422790253460974
2019-04-15,0.030119389412977426
2019-04-16,0.016065800110366624
2019-04-17,-0.021015838692754585
2019-04-18,-0.09650584299593667
2019-04-19,-0.1960043026856333
2019-04-20,-0.1681261723011076
2019-04-21,-0.167134747199416
2019-04-22,-0.2540708112476615
2019-04-23,-0.13112120399221183
2019-04-24,-0.13878274612017627
2019-04-25,-0.11440710882169824
2019-04-26,-0.09840827096681082
2019-04-27,-0.10744909816166981
2019-04-28,-0.08746782598796443
2019-04-29,-0.06563732609659745
2019-04-30,-0.0881117650349097
2019-05-01,-0.1794750434722001
2019-05-02,0.014770828991514051
2019-05-03,0.05816890224044435
2019-05-04,0.06987149828408334
2019-05-05,0.03318613019010286
2019-05-06,0.04634674207609635
2019-05-07,0.07529526263063246
2019-05-08,0.05290406604028064
2019-05-09,0.043329639059351166
2019-05-10,0.01168140513139626
2019-05-11,-0.018242623962956728
2019-05-12,0.028783694716310038
2019-05-13,0.03551365487485292
2019-05-14,0.01835431216758998
2019-05-15,0.004093518374064686
2019-05-16,-0.015377384279886996
2019-05-17,-0.03172270657965015
2019-05-18,-0.05028873188890515
2019-05-19,-0.05435830005864517
2019-05-20,-0.028238924030132395
2019-05-21,-0.05516474372100966
2019-05-22,-0.041785177011000485
2019-05-23,-0.00044855219473838304
2019-05-24,0.01760926706190169
2019-05-25,0.007522094722871131
2019-05-26,0.040710218263726006
2019-05-27,0.08451941798169038
2019-05-28,0.057307435418946895
2019-05-29,0.06272101538797514
2019-05-30,-0.000838636999898057
2019-05-31,0.016767719650191637
2019-06-01,0.042451495438296405
2019-06-02,0.010542024327184762
2019-06-03,0.0627302188739911
2019-06-04,0.01300456767325997
2019-06-05,-0.022495688615387976
2019-06-06,-0.13002886445610606
2019-06-07,-0.04255099715176591
2019-06-08,-0.04671949337939019
2019-06-09,-0.01010711016603949
2019-06-10,0.03198644158706898
2019-06-11,0.05213351132660726
2019-06-12,0.09494130895153496
2019-06-13,0.0956012693001611
2019-06-14,0.05098348150655241
2019-06-15,0.026664867180803853
2019-06-16,0.03346970840140173
2019-06-17,0.058546716996866977
2019-06-18,0.056755547159268005
2019-06-19,0.05352616713440028
2019-06-20,0.03464034936911986
2019-06-21,-0.11762762232319623
2019-06-22,-0.056368163431969265
2019-06-23,-0.02102565935818923
2019-06-24,0.04613695687399577
2019-06-25,0.06547573264906248
2019-06-26,0.08176013691164918
2019-06-27,0.08836383208720378
2019-06-28,0.05787678341398106
2019-06-29,0.039138336723155476
2019-06-30,0.0348695174541902
2019-07-01,0.06717224655312748
2019-07-02,0.07338527840019893
2019-07-03,0.060207490033425515
2019-07-04,0.09554627534178728
2019-07-05,0.10200881148067253
2019-07-06,0.05683518413711397
2019-07-07,0.04463082831724918
2019-07-08,0.049210004797217266
2019-07-09,0.05040558793140093
2019-07-10,0.01741094387970854
2019-07-11,-0.005468119793583526
2019-07-12,-0.004422761433627187
2019-07-13,-0.02387010566756409
2019-07-14,-0.04121700381428539
2019-07-15,-0.057948921906492146
2019-07-16,-0.04644550204819353
2019-07-17,-0.0648493678729718
2019-07-18,-0.03785174500498556
2019-07-19,-0.024184693655744383
2019-07-20,-0.042152256198741966
2019-07-21,-0.0467785743092044
2019-07-22,-0.08071056439390922
2019-07-23,-0.07569606107326265
2019-07-24,-0.08206832434118283
2019-07-25,-0.060472986961386255
2019-07-26,-0.03452132160505528
2019-07-27,-0.02359960710433029
2019-07-28,-0.0138045985432651
2019-07-29,-0.05544381537670873
2019-07-30,-0.06266411307466058
2019-07-31,-0.05534169573804881
2019-08-01,-0.04864948518225276
2019-08-02,-0.043701105483020086
2019-08-03,-0.04399116002366199
2019-08-04,-0.024582724537612677
2019-08-05,-0.0016588906790016011
2019-08-06,-0.013808204082618403
2019-08-07,0.001882107886812534
2019-08-08,0.0037173275867328215
2019-08-09,0.015115651653390572
2019-08-10,0.01778925745644777
2019-08-11,0.005987761991681495
2019-08-12,0.036895054066938826
2019-08-13,0.027798501021345956
2019-08-14,0.012826206061408385
2019-08-15,0.0394542021589146
2019-08-16,0.04247462439651706
2019-08-17,0.02772769645784834
2019-08-18,0.013174953043799675
2019-08-19,0.012130496599766616
2019-08-20,0.021139929222114162
2019-08-21,0.03261137599509212
2019-08-22,0.041123817166882404
2019-08-23,0.03998998081549843
2019-08-24,0.0016567471977655401
2019-08-25,0.02225567172688514
2019-08-26,0.05308576621131067
2019-08-27,0.03199143544470395
2019-08-28,0.026000184743837806
2019-08-29,0.03190734407942308
2019-08-30,0.029509349090560022
2019-08-31,-0.0010056854279234528
2019-09-01,0.009024850297429055
2019-09-02,0.01759063922723847
2019-09-03,0.02059682007371677
2019-09-04,0.042594214384306994
2019-09-05,0.04104723732413795
2019-09-06,0.03311176270990224
2019-09-07,0.01702656106973599
2019-09-08,0.00532572711154522
2019-09-09,0.020194558868046997
2019-09-10,-0.008171338692248398
2019-09-11,-0.024819915212024313
2019-09-12,-0.03201991431766871
2019-09-13,-0.03724016200188274
2019-09-14,-0.029223087137262738
2019-09-15,-0.015337676920644583
2019-09-16,0.01644803795878147
2019-09-17,0.04498502483220257
2019-09-18,0.035959077506028336
2019-09-19,0.06111677824333661
2019-09-20,0.03695696295457296
2019-09-21,-0.06392287234964655
2019-09-22,-0.025576284991789322
2019-09-23,0.01234242565321253
2019-09-24,0.009759914285076832
2019-09-25,0.03024360428819506
2019-09-26,0.00796035607775103
2019-09-27,0.014703660715406741
2019-09-28,-0.01296657520107658
2019-09-29,-0.014538947245757328
2019-09-30,-0.0033082746525838758
2019-10-01,0.026288218557651177
2019-10-02,0.0728974202979007
2019-10-03,0.09510599007969489
2019-10-04,0.12687309900347365
2019-10-05,0.14579066754885162
2019-10-06,0.14785630062261923
2019-10-07,0.13886938802082405
2019-10-08,0.13167274577843457
2019-10-09,0.06061320310358376
2019-10-10,0.01578345046654661
2019-10-11,-0.003963737731810468
2019-10-12,-0.018772147802959438
2019-10-13,-0.01735256751210379
2019-10-14,0.009316378285916471
2019-10-15,-0.0032088669301408856
2019-10-16,-0.01599051443655597
2019-10-17,-0.007227367883723801
2019-10-18,-0.041883345170639075
2019-10-19,-0.06762812414149977
2019-10-20,-0.02955681814864164
2019-10-21,0.006093438973181264
2019-10-22,-0.0481126931363427
2019-10-23,-0.04386791935150036
2019-10-24,-0.05606314582852079
2019-10-25,-0.06534621837656296
2019-10-26,0.013075509507734395
2019-10-27,0.04390888468001464
2019-10-28,0.05951416451124025
2019-10-29,0.0662580772791852
2019-10-30,0.08008754179600786
2019-10-31,0.04173344614049945
2019-11-01,0.05474492252178642
2019-11-02,0.045265985322771485
2019-11-03,0.061305907857040154
2019-11-04,0.07791177321455756
2019-11-05,0.1046719443662738
2019-11-06,0.12724064970879567
2019-11-07,0.1186946686593604
2019-11-08,0.08562396774721215
2019-11-09,0.084712024112644
2019-11-10,0.11280099487390594
2019-11-11,0.0791581300293629
2019-11-12,0.024755985779188805
2019-11-13,0.019550466494804297
2019-11-14,0.026681173495790134
2019-11-15,0.014239161068594797
2019-11-16,-0.013991587034251296
2019-11-17,-0.036451126299684944
2019-11-18,-0.05464681346939493
2019-11-19,-0.06129956742998566
2019-11-20,-0.0591018626146802
2019-11-21,-0.039680415573156935
2019-11-22,-0.01849363503653123
2019-11-23,-0.016827747915964864
2019-11-24,0.018381376929310633
2019-11-25,0.018758620670675796
2019-11-26,-0.004079968360885644
2019-11-27,-0.03495540892990867
2019-11-28,-0.03528984754523634
2019-11-29,0.06222498593558434
2019-11-30,0.132002015530988
2019-12-01,0.14007106330716645
2019-12-02,0.14034903513216967
2019-12-03,0.11043243679503156
2019-12-04,0.022879766253369738
2019-12-05,-0.010834327738335148
2019-12-06,-0.03884366405657502
2019-12-07,-0.018435342120186604
2019-12-08,0.024507648796154413
2019-12-09,-0.027170834469295357
2019-12-10,0.07973551326917061
2019-12-11,0.026206222717018335
2019-12-12,0.016750928502395013
2019-12-13,0.01714137196310972
2019-12-14,0.0018627954011982695
2019-12-15,-0.009249391739231783
2019-12-16,-0.030004507846612682
2019-12-17,-0.04957213676012273
2019-12-18,-0.045727671474681486
2019-12-19,-0.018116972729279368
2019-12-20,-0.10142070239468737
2019-12-21,-0.10232222080545483
2019-12-22,-0.10160195365023839
2019-12-23,-0.15458308073933402
2019-12-24,-0.23849951932471036
2019-12-25,-0.23326196069010052
2019-12-26,-0.15181460881681907
2019-12-27,-0.036682159380726276
2019-12-28,0.05231216644248349
2019-12-29,-0.06313403523367178
2019-12-30,-0.20490131546290513
2019-12-31,-0.20773987788767556
2020-01-01,-0.21356335922407865
2020-01-02,-0.13105048426642263
2020-01-03,-0.09416050846124158
2020-01-04,0.008475802055141202
2020-01-05,0.021410033715911325
2020-01-06,-0.15650642818001437
2020-01-07,-0.0805402451963193
2020-01-08,-0.08419150622218297
2020-01-09,-0.03662378453984694
2020-01-10,0.00805927147091623
2020-01-11,0.022772333588154225
2020-01-12,-0.07071621967196506
2020-01-13,-0.035563556670753727
2020-01-14,-0.056361915566073506
2020-01-15,-0.10990096064015198
2020-01-16,-0.08604896176511367
2020-01-17,-0.06068884121595275
2020-01-18,-0.059834488169521194
2020-01-19,-0.01049030181098054
2020-01-20,-0.04649655109919948
2020-01-21,-0.10486603572516451
2020-01-22,-0.05591823049085676
2020-01-23,-0.04222283299619711
2020-01-24,-0.09589004111866295
2020-01-25,-0.05870095409768439
2020-01-26,-0.10266198760014156
2020-01-27,-0.07876475647971937
2020-01-28,-0.07267107481724366
2020-01-29,-0.05520517284179327
2020-01-30,-0.03246855683857852
2020-01-31,-0.02674365491053443
2020-02-01,-0.084696561261973
2020-02-02,-0.05172611017378159
2020-02-03,0.010832609873084209
2020-02-04,0.032893308696444024
2020-02-05,0.0013617025211285494
2020-02-06,-0.010680553494770706
2020-02-07,0.01581951961031791
2020-02-08,0.010098879922002979
2020-02-09,-0.021252297292777556
2020-02-10,-0.05291081666038977
2020-02-11,-0.019674205581297954
2020-02-12,-0.037163552420004464
2020-02-13,0.0016005945334800487
2020-02-14,0.041579879771635575
2020-02-15,0.002555108762440028
2020-02-16,-0.0459004543789554
2020-02-17,-0.04111637341178742
2020-02-18,-0.06722523716645412
2020-02-19,-0.048724596427710765
2020-02-20,0.006244603672040938
2020-02-21,-0.05957832807866659
2020-02-22,-0.030599521332630886
2020-02-23,-0.007504889583351826
2020-02-24,-0.0033352880489889714
2020-02-25,0.03731638183166197
2020-02-26,0.07150486971361758
2020-02-27,0.08931799816420138
2020-02-28,0.07675293628162372
2020-02-29,0.05319891271556365
2020-03-01,0.0288876487759957
2020-03-02,-0.014192828156280868
2020-03-03,0.00041792027643339225
2020-03-04,0.024060398715148423
2020-03-05,0.027781048837182354
2020-03-06,0.05061630114159321
2020-03-07,0.05872958485130475
2020-03-08,0.015312005910670834
2020-03-09,-0.026853773670554304
2020-03-10,-0.013928154748677812
2020-03-11,-0.02654624318614829
2020-03-12,0.017560409969979318
2020-03-13,0.06623199128237545
2020-03-14,0.12244486720834757
2020-03-15,0.06029302083886989
2020-03-16,0.005395812978667536
2020-03-17,-0.021542906053991118
2020-03-18,-0.020250684887857417
2020-03-19,-0.018898501947109736
2020-03-20,0.032366840549935105
2020-03-21,0.09356347427223888
2020-03-22,0.10780161057885529
2020-03-23,0.04833015842312527
2020-03-24,0.0030112238400175073
2020-03-25,-0.022903543562254214
2020-03-26,-0.023649185356973135
2020-03-27,0.008012028348510114
2020-03-28,0.029252442602222928
2020-03-29,0.08035838293082165
2020-03-30,0.061817240485027014
2020-03-31,0.03646334241830829
2020-04-01,-0.015105833039996241
2020-04-02,0.0269065325250768
2020-04-03,0.061532588530852195
2020-04-04,0.07103461463020722
2020-04-05,0.037881464292466305
2020-04-06,-0.05484495119870836
2020-04-07,-0.03202744960870518
2020-04-08,-0.07310036944002896
2020-04-09,-0.08766410769747957
2020-04-10,-0.10292024020887958
2020-04-11,-0.03794728744295206
2020-04-12,-0.07068283376767504
2020-04-13,-0.09011394379027671
2020-04-14,0.009517076259836443
2020-04-15,-0.059664717240520915
2020-04-16,-0.0359858452513695
2020-04-17,0.008682862204214103
2020-04-18,0.030471520917814132
2020-04-19,-0.015428797378199022
2020-04-20,-0.06404654705498203
2020-04-21,-0.07178506518251737
2020-04-22,-0.10578732275722302
2020-04-23,-0.11056635426597694
2020-04-24,-0.05679278665893506
2020-04-25,-0.02127309572573921
2020-04-26,-0.008629013046400402
2020-04-27,0.040120268043043694
2020-04-28,0.09329654247041397
2020-04-29,0.08008100549400154
2020-04-30,0.061727203653584084
2020-05-01,0.004285685976405773
2020-05-02,0.010341808330624147
2020-05-03,-0.01563384114124844
2020-05-04,0.05556814060985005
2020-05-05,0.0633909148379761
2020-05-06,0.013947552701381483
2020-05-07,0.029019859774663814
2020-05-08,0.020812108026689202
2020-05-09,0.02841096556832312
2020-05-10,0.030792933681306422
2020-05-11,0.07583198187862195
2020-05-12,0.07821237972797235
2020-05-13,0.108004450132551
2020-05-14,0.06767351053497528
2020-05-15,0.03743742217808155
2020-05-16,0.024679312023112132
2020-05-17,0.04751918405780842
2020-05-18,0.049290577348552134
2020-05-19,0.04668920168689361
2020-05-20,0.01937964209447962
2020-05-21,-0.08255385835725093
2020-05-22,-0.07750350828616703
2020-05-23,0.03889446105447547
2020-05-24,-0.002352065312292595
2020-05-25,-0.002577962367933395
2020-05-26,-0.035473013861500036
2020-05-27,-0.01833190648594929
2020-05-28,0.0025438546321083777
2020-05-29,-0.008969483665788758
2020-05-30,-0.06540646885401813
2020-05-31,-0.07518809725845976
2020-06-01,-0.0025302739779284877
2020-06-02,0.010370959784749445
2020-06-03,0.022389741080978354
2020-06-04,0.046892432527322114
2020-06-05,0.053104035057627286
2020-06-06,0.03942391977487425
2020-06-07,0.05306526333028572
2020-06-08,0.050680774171169674
2020-06-09,0.06256659392730413
2020-06-10,0.05085979319629352
2020-06-11,0.04960838645937571
2020-06-12,0.017429250846332067
2020-06-13,-0.016829452742349815
2020-06-14,-0.001763909638780703
2020-06-15,0.05652076466535938
2020-06-16,0.055465599196724114
2020-06-17,0.06952724825725021
2020-06-18,0.02282114761188936
2020-06-19,-0.1327640274984052
2020-06-20,-0.0862295251957601
2020-06-21,-0.04405539650035628
2020-06-22,0.028230811292059954
2020-06-23,0.05395565805050673
2020-06-24,0.07025617782283788
2020-06-25,0.05639564471175795
2020-06-26,0.05332140875167113
2020-06-27,0.0273381924958489
2020-06-28,0.030859446861114748
2020-06-29,0.04414408069338549
2020-06-30,0.04245528184398495
2020-07-01,0.06051644169144943
2020-07-02,0.018187634584045043
2020-07-03,0.007630065103009898
2020-07-04,0.014353071061446343
2020-07-05,0.004163356792078687
2020-07-06,-0.004372619744328787
2020-07-07,-0.005127813452716623
2020-07-08,0.020462992924656476
2020-07-09,0.004743981752531212
2020-07-10,-0.003970858831376489
2020-07-11,-0.015173255452349821
2020-07-12,-0.035409509570483166
2020-07-13,-0.07599839273413345
2020-07-14,-0.06468020369556271
2020-07-15,-0.08437530760495626
2020-07-16,-0.08971538778352617
2020-07-17,-0.10046050650325711
2020-07-18,-0.07548063600910915
2020-07-19,-0.08792292393012424
2020-07-20,-0.11745906753828272
2020-07-21,-0.14472368697172655
2020-07-22,-0.1312844603766088
2020-07-23,-0.11264366596811115
2020-07-24,-0.08002456752276998
2020-07-25,-0.0854454613400275
2020-07-26,-0.08407031092460038
2020-07-27,-0.0905902959691165
2020-07-28,-0.06479840788580304
2020-07-29,-0.0724784628612678
2020-07-30,-0.029615126927948765
2020-07-31,-0.009369343525568397
2020-08-01,-0.009621620531724773
2020-08-02,0.014446912740186946
2020-08-03,-0.002502584021023324
2020-08-04,-0.011202869030713103
2020-08-05,0.02665449051677804
2020-08-06,0.03923429401646494
2020-08-07,0.030167455960739886
2020-08-08,0.03286971920722159
2020-08-09,0.03503802838440606
2020-08-10,0.044015772358013905
2020-08-11,0.06182510091470128
2020-08-12,0.0543348866101212
2020-08-13,0.06688015036683126
2020-08-14,0.04849447366249926
2020-08-15,0.003462107650705093
2020-08-16,-0.0001785189685961086
2020-08-17,0.04254012387874084
2020-08-18,0.03330149436855301
2020-08-19,0.036456562758663935
2020-08-20,0.03595434241061923
2020-08-21,0.03800246090342618
2020-08-22,-0.007893724468827301
2020-08-23,-0.003903853105001076
2020-08-24,0.027659647967702483
2020-08-25,0.034164981715493425
2020-08-26,0.06757930576411297
2020-08-27,0.06265664539348315
2020-08-28,0.05902187260490521
2020-08-29,0.08166487078025497
2020-08-30,0.04981535621802813
2020-08-31,0.06616058992540097
2020-09-01,0.054645128042805524
2020-09-02,0.054437817065243976
2020-09-03,0.03564838872120113
2020-09-04,0.02190006455521676
2020-09-05,0.01537634589953818
2020-09-06,0.0018915169265802945
2020-09-07,0.025051280642474083
2020-09-08,0.017284408275397567
2020-09-09,0.017351958993971905
2020-09-10,0.03546091430245113
2020-09-11,0.042769820660161884
2020-09-12,0.031555169172120756
2020-09-13,0.010727305242784979
2020-09-14,0.0008351328443687578
2020-09-15,0.012698129536627079
2020-09-16,0.011097715185735879
2020-09-17,0.04054410700380551
2020-09-18,0.019010675033188207
2020-09-19,0.0013333997520401653
2020-09-20,-0.0017777266180356577
2020-09-21,-0.024504907279800037
2020-09-22,-0.051205544418339244
2020-09-23,-0.02709150069427757
2020-09-24,-0.04406305178678949
2020-09-25,-0.018475051351932947
2020-09-26,-0.030432697548166132
2020-09-27,-0.040200373549367896
2020-09-28,0.010779313849704764
2020-09-29,-0.011863511084429845
2020-09-30,-0.006248930445256207
